productCode,productName,productLine,productScale,productVendor,productDescription,quantityInStock,buyPrice,MSRP
PRDGDGK,Behavior,PLINE3,4:1,Martin-Molina,Clear worry race involve nation painting. Stage sell usually star trial lot.,438,418.63,796.04
PRD1VD6,Small,PLINE1,1:1,Johnson-Garcia,Light would guy Mrs late check.,103,150.43,150.87
PRD2CWE,Product,PLINE1,4:1,"Garcia, Villa and Griffin",Upon full street social while also. Position son population way voice put less.,120,116.68,475.71
PRDY1SR,International,PLINE3,3:1,"Miller, Mason and Long",Parent the defense before wrong. Little leader hot hard. Region eye dinner use.,438,194.7,699.89
PRDG7I1,Run,PLINE4,5:1,Huang-Morse,Star collection start rest.,382,447.65,151.73
PRDQDQU,Fast,PLINE5,4:1,Becker Ltd,Onto sign lot wear start benefit.,418,398.65,160.77
PRDAR4F,Make,PLINE2,4:1,Doyle-Vasquez,What stop industry figure power reach. Listen modern news do call.,108,480.56,608.29
PRDN5ZQ,Everything,PLINE3,2:1,Chambers-Colon,"Great middle defense once century for radio.
Meeting health early resource bag media fight.",216,204.52,593.16
PRDWD60,Magazine,PLINE3,3:1,"Graham, Hampton and Dyer",Cause away dream check. Site power indeed various would.,361,257.66,299.67
PRDKUQI,Drive,PLINE1,4:1,"Hall, Miller and Wilson",Majority language because cause far hair special real. There movement meeting suddenly resource.,78,147.39,252.18
PRDSOVU,Sure,PLINE1,5:1,Sampson-Hopkins,Season soon court produce fish feel financial. Make present Mr cover however do end there.,256,171.91,166.18
PRDMTNJ,Rest,PLINE4,2:1,Sims-Clark,"Rise space degree argue this.
Your over economic admit bill out. It why operation laugh.",264,289.19,787.99
PRDDCQ0,Consider,PLINE5,3:1,"Bauer, Love and Harris",Quite hotel meeting television present media discuss piece. Law find real these car offer myself.,189,153.51,248.13
PRD1QXV,Professor,PLINE4,4:1,Gross Inc,Why toward road tax consider.,112,205.02,330.77
PRDI0X3,People,PLINE3,2:1,"Watson, Martin and Williams",Expert within to against fact far power. Direction win consumer suffer what thought.,313,479.5,318.33
PRDAHOY,Fight,PLINE4,1:1,Davis LLC,See body lawyer they final. Hundred save trouble billion arrive should prevent.,182,149.21,207.64
PRDEBOM,Girl,PLINE3,5:1,"Hudson, Landry and Gutierrez",Defense body better cover both admit. Hundred not trade reality. Way kind statement full woman.,397,309.77,694.74
PRD4R8L,Bring,PLINE1,1:1,Dawson and Sons,People education floor study war form. Discussion would morning.,165,71.01,523.52
PRDQQK1,Project,PLINE3,4:1,Dunlap-Diaz,Certainly mouth evidence black base someone. Enter career before right another.,145,319.19,850.03
PRDAQJC,Add,PLINE4,1:1,"Lowe, Bradley and Bishop",Almost decide bill fund within nature. Piece product inside sit every. Win interest growth among.,188,139.02,500.49
PRD99ZN,Dog,PLINE5,4:1,Phillips Ltd,Lose information card pass performance reveal. Science true east magazine.,463,79.07,176.37
PRDTU1I,None,PLINE4,4:1,"Randolph, Ramirez and Gardner",Prepare together force. Discuss somebody trade move bring thank PM. White red argue mean idea.,210,326.47,759.27
PRD61DJ,Win,PLINE4,3:1,Kemp-Black,General be important federal level. Poor system environment moment few.,226,175.22,249.08
PRDDE1V,Grow,PLINE5,1:1,"Banks, Aguilar and Petersen",Section letter single others. News house star throughout.,196,97.76,884.51
PRD814F,Get,PLINE3,1:1,"Ortega, David and Navarro",Tax white professor raise section rock. Concern without president remain. Hope think ground learn.,369,445.04,792.45
PRDDFN5,Research,PLINE5,4:1,"Mitchell, Higgins and Murphy",Remember citizen always tonight. Red enter risk election.,19,207.2,864.06
PRDXJ3S,Pattern,PLINE2,5:1,Roberts-Patel,Tree early return behind resource to carry every. I mind while benefit board improve finish.,255,440.45,441.35
PRDU45Y,When,PLINE3,4:1,Thomas-Espinoza,None my board race never actually. Half century above case worry.,181,236.23,794.67
PRD8LBY,Subject,PLINE3,2:1,"Jones, Anderson and Matthews",Realize form drug training sense break. Require doctor ahead same statement go.,28,142.18,196.98
PRDT3PG,Thought,PLINE5,1:1,Giles Ltd,Return south real medical. Simply important tree still choice. Participant yeah thus.,15,115.34,937.7
PRDBSM6,Prepare,PLINE1,5:1,"Robinson, Bryan and Young",Human sign help eight many behavior place event. First crime leg marriage cut during chance claim.,286,227.49,114.6
PRDHC8X,Sign,PLINE4,1:1,Ferguson PLC,Bar successful school more newspaper boy across. Send arrive majority quite.,184,341.79,247.54
PRD1IXP,Past,PLINE1,2:1,Allen LLC,Bed everything attorney seek simple. Beautiful power ready house today American plan.,322,479.24,285.38
PRDC65R,Maintain,PLINE3,2:1,Myers Group,Region describe hotel base better data any. Want evidence including audience strong since.,73,159.17,146.73
PRDKTU6,Health,PLINE1,5:1,Freeman-Jones,Law southern allow billion any total each boy. Family artist single one important discover arrive.,282,192.86,252.2
PRDC9NR,That,PLINE2,3:1,Wood-Griffin,Responsibility community week big. Gas network key sport state similar shoulder.,95,169.43,349.24
PRDYIJW,Exactly,PLINE2,4:1,Gibbs Ltd,Could agree across deep dinner statement. Admit entire get low hundred already.,134,289.66,110.29
PRD7D5F,Safe,PLINE3,5:1,Gutierrez-Oconnor,Away reach yes evidence. Still whole really those test. Top effect necessary bad put particularly.,331,386.98,588.72
PRDWLTE,After,PLINE1,1:1,Allen-Shaw,Cultural protect federal almost push. Team old family leg.,127,183.25,532.39
PRDEXN9,West,PLINE2,5:1,"Bender, Gonzalez and Steele",Enjoy your remember risk key TV large. Include rest go must. Daughter up together issue minute.,493,76.86,891.61
PRDRCCP,Accept,PLINE3,2:1,"Ali, Baker and Massey",Space discussion policy organization money remain sometimes. She human trial attorney.,32,90.52,268.69
PRDRVVC,Close,PLINE3,3:1,Chen-Anderson,Everything one consider big other material be. Floor over chance school focus Mrs.,70,271.34,445.62
PRDJW4V,Often,PLINE5,5:1,Bradley-Mason,Charge dinner nearly exactly born. Raise effort sister key large human cost performance.,392,268.4,941.72
PRD902Q,Father,PLINE2,4:1,Moore-Morris,We begin measure prevent. Minute identify not. Interesting movie degree company.,460,387.77,744.16
PRDD62I,Fish,PLINE2,3:1,Cummings-Moore,Choose commercial perhaps ability international. Receive able grow collection.,175,316.49,953.35
PRDTB7R,Past,PLINE1,4:1,"Brown, Hernandez and Burns",Community stay window none. Consider bit rule course.,348,73.33,520.14
PRDC8IE,Data,PLINE4,1:1,Rodriguez-Richardson,Chair against dark we still floor.,486,324.17,348.5
PRDI5IF,Rate,PLINE4,4:1,Stephens-Brady,Commercial word apply friend manager. However bit my section represent.,138,105.08,261.48
PRDGR74,Box,PLINE1,3:1,"Hernandez, Valentine and Daniels",We state public born apply rock. Material candidate word game. Church goal local charge song pay.,23,368.31,804.23
PRDXAJE,Field,PLINE2,5:1,Bruce LLC,Result bit push food blood bank bill. Card many be same inside town minute.,412,77.29,340.79
